Dane|Nombre|DaneDep|Departamento|Total|SinServicio|SinServicioMicrorredes|SinServicioSolFotovoltaicasIndiv|SinServicioInterconexionSin|ConServicio
05001|Medellín|05|Antioquia|1022817,0|0,0||||1022817,0
05002|Abejorral|05|Antioquia|10295,0|1448,0||||8847,0
05004|Abriaquí|05|Antioquia|1349,0|262,0||||1087,0
05021|Alejandría|05|Antioquia|2810,0|477,0||||2333,0
05030|Amagá|05|Antioquia|13680,0|1044,0||||12636,0
05031|Amalfi|05|Antioquia|11650,0|2452,0||||9198,0
05034|Andes|05|Antioquia|17243,0|453,0||||16790,0
05036|Angelópolis|05|Antioquia|2733,0|196,0||||2537,0
05038|Angostura|05|Antioquia|4809,0|108,0||||4701,0
05040|Anorí|05|Antioquia|7799,0|1375,0||||6424,0
05042|Santa Fé de Antioquia|05|Antioquia|14556,0|0,0||||14556,0
05044|Anzá|05|Antioquia|3354,0|76,0||||3278,0
05045|Apartadó|05|Antioquia|44028,0|0,0||||44028,0
05051|Arboletes|05|Antioquia|10199,0|0,0||||10199,0
05055|Argelia|05|Antioquia|4035,0|647,0||||3388,0
05059|Armenia|05|Antioquia|2809,0|738,0||||2071,0
05079|Barbosa|05|Antioquia|24558,0|2359,0||||22199,0
05086|Belmira|05|Antioquia|2714,0|0,0||||2714,0
05088|Bello|05|Antioquia|211580,0|0,0||||211580,0
05091|Betania|05|Antioquia|4285,0|389,0||||3896,0
05093|Betulia|05|Antioquia|7234,0|0,0||||7234,0
05101|Ciudad Bolívar|05|Antioquia|10731,0|0,0||||10731,0
05107|Briceño|05|Antioquia|3600,0|380,0||||3220,0
05113|Buriticá|05|Antioquia|3588,0|168,0||||3420,0
05120|Cáceres|05|Antioquia|10858,0|1220,0||||9638,0
05125|Caicedo|05|Antioquia|3705,0|0,0||||3705,0
05129|Caldas|05|Antioquia|30514,0|0,0||||30514,0
05134|Campamento|05|Antioquia|3437,0|193,0||||3244,0
05138|Cañasgordas|05|Antioquia|6518,0|0,0||||6518,0
05142|Caracolí|05|Antioquia|2619,0|433,0||||2186,0
05145|Caramanta|05|Antioquia|2494,0|177,0||||2317,0
05147|Carepa|05|Antioquia|19201,0|0,0||||19201,0
05148|El Carmen de Viboral|05|Antioquia|25460,0|0,0||||25460,0
05150|Carolina|05|Antioquia|2226,0|221,0||||2005,0
05154|Caucasia|05|Antioquia|36775,0|0,0||||36775,0
05172|Chigorodó|05|Antioquia|22019,0|0,0||||22019,0
05190|Cisneros|05|Antioquia|4918,0|0,0||||4918,0
05197|Cocorná|05|Antioquia|10067,0|232,0||||9835,0
05206|Concepción|05|Antioquia|3504,0|805,0||||2699,0
05209|Concordia|05|Antioquia|8586,0|856,0||||7730,0
05212|Copacabana|05|Antioquia|31947,0|0,0||||31947,0
05234|Dabeiba|05|Antioquia|8291,0|0,0||||8291,0
05237|Donmatías|05|Antioquia|7907,0|0,0||||7907,0
05240|Ebéjico|05|Antioquia|6402,0|104,0||||6298,0
05250|El Bagre|05|Antioquia|18580,0|0,0||||18580,0
05264|Entrerríos|05|Antioquia|4901,0|0,0||||4901,0
05266|Envigado|05|Antioquia|103609,0|3868,0||||99741,0
05282|Fredonia|05|Antioquia|10743,0|1584,0||||9159,0
05284|Frontino|05|Antioquia|8239,0|295,0||||7944,0
05306|Giraldo|05|Antioquia|2681,0|122,0||||2559,0
05308|Girardota|05|Antioquia|20516,0|0,0||||20516,0
05310|Gómez Plata|05|Antioquia|5658,0|478,0||||5180,0
05313|Granada|05|Antioquia|8520,0|1899,0||||6621,0
05315|Guadalupe|05|Antioquia|2637,0|0,0||||2637,0
05318|Guarne|05|Antioquia|26008,0|0,0||||26008,0
05321|Guatapé|05|Antioquia|4953,0|0,0||||4953,0
05347|Heliconia|05|Antioquia|3200,0|160,0||||3040,0
05353|Hispania|05|Antioquia|2664,0|252,0||||2412,0
05360|Itagüí|05|Antioquia|110155,0|0,0||||110155,0
05361|Ituango|05|Antioquia|8678,0|84,0||||8594,0
05364|Jardín|05|Antioquia|6408,0|0,0||||6408,0
05368|Jericó|05|Antioquia|6297,0|391,0||||5906,0
05376|La Ceja|05|Antioquia|26515,0|0,0||||26515,0
05380|La Estrella|05|Antioquia|31779,0|0,0||||31779,0
05390|La Pintada|05|Antioquia|3542,0|115,0||||3427,0
05400|La Unión|05|Antioquia|8340,0|0,0||||8340,0
05411|Liborina|05|Antioquia|4894,0|0,0||||4894,0
05425|Maceo|05|Antioquia|4030,0|0,0||||4030,0
05440|Marinilla|05|Antioquia|25637,0|0,0||||25637,0
05467|Montebello|05|Antioquia|4024,0|275,0||||3749,0
05475|Murindó|05|Antioquia|1510,0|1281,0||||229,0
05480|Mutatá|05|Antioquia|5593,0|0,0||||5593,0
05483|Nariño|05|Antioquia|4809,0|419,0||||4390,0
05490|Necoclí|05|Antioquia|15260,0|0,0||||15260,0
05495|Nechí|05|Antioquia|9671,0|622,0||||9049,0
05501|Olaya|05|Antioquia|1818,0|0,0||||1818,0
05541|Peñol|05|Antioquia|12893,0|862,0||||12031,0
05543|Peque|05|Antioquia|3700,0|0,0||||3700,0
05576|Pueblorrico|05|Antioquia|3695,0|226,0||||3469,0
05579|Puerto Berrío|05|Antioquia|17109,0|1233,0||||15876,0
05585|Puerto Nare|05|Antioquia|6872,0|636,0||||6236,0
05591|Puerto Triunfo|05|Antioquia|6596,0|0,0||||6596,0
05604|Remedios|05|Antioquia|11989,0|0,0||||11989,0
05607|Retiro|05|Antioquia|12116,0|0,0||||12116,0
05615|Rionegro|05|Antioquia|58292,0|0,0||||58292,0
05628|Sabanalarga|05|Antioquia|4687,0|182,0||||4505,0
05631|Sabaneta|05|Antioquia|41756,0|0,0||||41756,0
05642|Salgar|05|Antioquia|7386,0|376,0||||7010,0
05647|San Andrés de Cuerquía|05|Antioquia|3347,0|216,0||||3131,0
05649|San Carlos|05|Antioquia|9201,0|517,0||||8684,0
05652|San Francisco|05|Antioquia|3218,0|546,0||||2672,0
05656|San Jerónimo|05|Antioquia|10182,0|537,0||||9645,0
05658|San José de La Montaña|05|Antioquia|1665,0|0,0||||1665,0
05659|San Juan de Urabá|05|Antioquia|7130,0|0,0||||7130,0
05660|San Luis|05|Antioquia|6158,0|0,0||||6158,0
05664|San Pedro de Los Milagros|05|Antioquia|9626,0|0,0||||9626,0
05665|San Pedro de Urabá|05|Antioquia|8750,0|0,0||||8750,0
05667|San Rafael|05|Antioquia|8248,0|86,0||||8162,0
05670|San Roque|05|Antioquia|10324,0|0,0||||10324,0
05674|San Vicente Ferrer|05|Antioquia|11588,0|1200,0||||10388,0
05679|Santa Bárbara|05|Antioquia|12924,0|1575,0||||11349,0
05686|Santa Rosa de Osos|05|Antioquia|15746,0|0,0||||15746,0
05690|Santo Domingo|05|Antioquia|6597,0|0,0||||6597,0
05697|El Santuario|05|Antioquia|15038,0|0,0||||15038,0
05736|Segovia|05|Antioquia|16856,0|1516,0||||15340,0
05756|Sonsón|05|Antioquia|16341,0|1447,0||||14894,0
05761|Sopetrán|05|Antioquia|9260,0|0,0||||9260,0
05789|Támesis|05|Antioquia|8057,0|113,0||||7944,0
05790|Tarazá|05|Antioquia|13537,0|1473,0||||12064,0
05792|Tarso|05|Antioquia|3000,0|342,0||||2658,0
05809|Titiribí|05|Antioquia|5431,0|996,0||||4435,0
05819|Toledo|05|Antioquia|2443,0|0,0||||2443,0
05837|Turbo|05|Antioquia|43851,0|0,0||||43851,0
05842|Uramita|05|Antioquia|3212,0|64,0||||3148,0
05847|Urrao|05|Antioquia|12891,0|460,0||||12431,0
05854|Valdivia|05|Antioquia|5924,0|0,0||||5924,0
05856|Valparaíso|05|Antioquia|3503,0|592,0||||2911,0
05858|Vegachí|05|Antioquia|5368,0|0,0||||5368,0
05861|Venecia|05|Antioquia|5944,0|0,0||||5944,0
05873|Vigía del Fuerte|05|Antioquia|3330,0|768,0||||2562,0
05885|Yalí|05|Antioquia|3219,0|104,0||||3115,0
05887|Yarumal|05|Antioquia|16372,0|0,0||||16372,0
05890|Yolombó|05|Antioquia|11097,0|1753,0||||9344,0
05893|Yondó|05|Antioquia|8764,0|212,0||||8552,0
05895|Zaragoza|05|Antioquia|10222,0|0,0||||10222,0
08001|Barranquilla|08|Atlántico|386412,0|0,0||||386412,0
08078|Baranoa|08|Atlántico|19294,0|2566,0||||16728,0
08137|Campo de La Cruz|08|Atlántico|6784,0|1889,0||||4895,0
08141|Candelaria|08|Atlántico|4514,0|657,0||||3857,0
08296|Galapa|08|Atlántico|19314,0|5372,0||||13942,0
08372|Juan de Acosta|08|Atlántico|7264,0|1278,0||||5986,0
08421|Luruaco|08|Atlántico|8482,0|1590,0||||6892,0
08433|Malambo|08|Atlántico|38295,0|7913,0||||30382,0
08436|Manatí|08|Atlántico|5293,0|1400,0||||3893,0
08520|Palmar de Varela|08|Atlántico|8376,0|1743,0||||6633,0
08549|Piojó|08|Atlántico|1979,0|773,0||||1206,0
08558|Polonuevo|08|Atlántico|5465,0|775,0||||4690,0
08560|Ponedera|08|Atlántico|6387,0|1264,0||||5123,0
08573|Puerto Colombia|08|Atlántico|17917,0|0,0||||17917,0
08606|Repelón|08|Atlántico|8113,0|1852,0||||6261,0
08634|Sabanagrande|08|Atlántico|9245,0|1094,0||||8151,0
08638|Sabanalarga|08|Atlántico|26685,0|552,0||||26133,0
08675|Santa Lucía|08|Atlántico|4736,0|1776,0||||2960,0
08685|Santo Tomás|08|Atlántico|8905,0|1447,0||||7458,0
08758|Soledad|08|Atlántico|187595,0|26003,0||||161592,0
08770|Suan|08|Atlántico|3152,0|751,0||||2401,0
08832|Tubará|08|Atlántico|6716,0|2531,0||||4185,0
08849|Usiacurí|08|Atlántico|3693,0|1479,0||||2214,0
11001|Bogotá, D.C.|11|Bogotá|2796400,0|192489,0||||2603911,0
13001|Cartagena de Indias|13|Bolívar|354748,0|19963,0||||334785,0
13006|Achí|13|Bolívar|8372,0|4649,0||||3723,0
13030|Altos del Rosario|13|Bolívar|3636,0|1990,0||||1646,0
13042|Arenal|13|Bolívar|2871,0|998,0||||1873,0
13052|Arjona|13|Bolívar|21794,0|4089,0||||17705,0
13062|Arroyohondo|13|Bolívar|2056,0|422,0||||1634,0
13074|Barranco de Loba|13|Bolívar|5269,0|2049,0||||3220,0
13140|Calamar|13|Bolívar|6452,0|1486,0||||4966,0
13160|Cantagallo|13|Bolívar|3587,0|1269,0||||2318,0
13188|Cicuco|13|Bolívar|4184,0|1193,0||||2991,0
13212|Córdoba|13|Bolívar|5551,0|2331,0||||3220,0
13222|Clemencia|13|Bolívar|4802,0|1342,0||||3460,0
13244|El Carmen de Bolívar|13|Bolívar|22269,0|5548,0||||16721,0
13248|El Guamo|13|Bolívar|3095,0|1076,0||||2019,0
13268|El Peñón|13|Bolívar|2356,0|621,0||||1735,0
13300|Hatillo de Loba|13|Bolívar|3497,0|1306,0||||2191,0
13430|Magangué|13|Bolívar|43494,0|6548,0||||36946,0
13433|Mahates|13|Bolívar|8655,0|2460,0||||6195,0
13440|Margarita|13|Bolívar|3194,0|1002,0||||2192,0
13442|María La Baja|13|Bolívar|14533,0|3699,0||||10834,0
13458|Montecristo|13|Bolívar|5379,0|4346,0||||1033,0
13468|Santa Cruz de Mompox|13|Bolívar|14963,0|3310,0||||11653,0
13473|Morales|13|Bolívar|7727,0|3262,0||||4465,0
13490|Norosí|13|Bolívar|3730,0|3650,0||||80,0
13549|Pinillos|13|Bolívar|5531,0|1585,0||||3946,0
13580|Regidor|13|Bolívar|2737,0|1349,0||||1388,0
13600|Río Viejo|13|Bolívar|4350,0|1904,0||||2446,0
13620|San Cristóbal|13|Bolívar|2450,0|999,0||||1451,0
13647|San Estanislao|13|Bolívar|5870,0|1362,0||||4508,0
13650|San Fernando|13|Bolívar|4092,0|2184,0||||1908,0
13654|San Jacinto|13|Bolívar|8604,0|3265,0||||5339,0
13655|San Jacinto del Cauca|13|Bolívar|3792,0|2729,0||||1063,0
13657|San Juan Nepomuceno|13|Bolívar|12069,0|3419,0||||8650,0
13667|San Martín de Loba|13|Bolívar|4731,0|1502,0||||3229,0
13670|San Pablo|13|Bolívar|11550,0|290,0||||11260,0
13673|Santa Catalina|13|Bolívar|4425,0|699,0||||3726,0
13683|Santa Rosa|13|Bolívar|7530,0|2429,0||||5101,0
13688|Santa Rosa del Sur|13|Bolívar|11052,0|2575,0||||8477,0
13744|Simití|13|Bolívar|7406,0|4002,0||||3404,0
13760|Soplaviento|13|Bolívar|3148,0|1091,0||||2057,0
13780|Talaigua Nuevo|13|Bolívar|3533,0|770,0||||2763,0
13810|Tiquisio|13|Bolívar|6358,0|5635,0||||723,0
13836|Turbaco|13|Bolívar|37304,0|0,0||||37304,0
13838|Turbana|13|Bolívar|5330,0|1373,0||||3957,0
13873|Villanueva|13|Bolívar|6973,0|791,0||||6182,0
13894|Zambrano|13|Bolívar|3964,0|1440,0||||2524,0
15001|Tunja|15|Boyacá|72911,0|0,0||||72911,0
15022|Almeida|15|Boyacá|1212,0|281,0||||931,0
15047|Aquitania|15|Boyacá|7673,0|744,0||||6929,0
15051|Arcabuco|15|Boyacá|2622,0|0,0||||2622,0
15087|Belén|15|Boyacá|4283,0|269,0||||4014,0
15090|Berbeo|15|Boyacá|795,0|39,0||||756,0
15092|Betéitiva|15|Boyacá|1490,0|573,0||||917,0
15097|Boavita|15|Boyacá|3020,0|320,0||||2700,0
15104|Boyacá|15|Boyacá|3165,0|775,0||||2390,0
15106|Briceño|15|Boyacá|1151,0|119,0||||1032,0
15109|Buenavista|15|Boyacá|2577,0|281,0||||2296,0
15114|Busbanzá|15|Boyacá|590,0|252,0||||338,0
15131|Caldas|15|Boyacá|1713,0|326,0||||1387,0
15135|Campohermoso|15|Boyacá|1703,0|354,0||||1349,0
15162|Cerinza|15|Boyacá|2526,0|353,0||||2173,0
15172|Chinavita|15|Boyacá|2241,0|407,0||||1834,0
15176|Chiquinquirá|15|Boyacá|23073,0|0,0||||23073,0
15180|Chiscas|15|Boyacá|2436,0|466,0||||1970,0
15183|Chita|15|Boyacá|5301,0|2176,0||||3125,0
15185|Chitaraque|15|Boyacá|2648,0|390,0||||2258,0
15187|Chivatá|15|Boyacá|1253,0|0,0||||1253,0
15189|Ciénega|15|Boyacá|2191,0|126,0||||2065,0
15204|Cómbita|15|Boyacá|4352,0|0,0||||4352,0
15212|Coper|15|Boyacá|1918,0|293,0||||1625,0
15215|Corrales|15|Boyacá|1010,0|0,0||||1010,0
15218|Covarachía|15|Boyacá|1579,0|480,0||||1099,0
15223|Cubará|15|Boyacá|3368,0|1510,0||||1858,0
15224|Cucaita|15|Boyacá|1534,0|29,0||||1505,0
15226|Cuítiva|15|Boyacá|1107,0|114,0||||993,0
15232|Chíquiza|15|Boyacá|2086,0|497,0||||1589,0
15236|Chivor|15|Boyacá|975,0|266,0||||709,0
15238|Duitama|15|Boyacá|53142,0|0,0||||53142,0
15244|El Cocuy|15|Boyacá|2323,0|476,0||||1847,0
15248|El Espino|15|Boyacá|1810,0|513,0||||1297,0
15272|Firavitoba|15|Boyacá|3464,0|385,0||||3079,0
15276|Floresta|15|Boyacá|1945,0|151,0||||1794,0
15293|Gachantivá|15|Boyacá|1874,0|274,0||||1600,0
15296|Gámeza|15|Boyacá|2709,0|726,0||||1983,0
15299|Garagoa|15|Boyacá|8481,0|466,0||||8015,0
15317|Guacamayas|15|Boyacá|1123,0|212,0||||911,0
15322|Guateque|15|Boyacá|5464,0|172,0||||5292,0
15325|Guayatá|15|Boyacá|3014,0|864,0||||2150,0
15332|Güicán de La Sierra|15|Boyacá|2056,0|537,0||||1519,0
15362|Iza|15|Boyacá|1141,0|147,0||||994,0
15367|Jenesano|15|Boyacá|4568,0|547,0||||4021,0
15368|Jericó|15|Boyacá|2362,0|629,0||||1733,0
15377|Labranzagrande|15|Boyacá|2477,0|1247,0||||1230,0
15380|La Capilla|15|Boyacá|1596,0|90,0||||1506,0
15401|La Victoria|15|Boyacá|643,0|146,0||||497,0
15403|La Uvita|15|Boyacá|2018,0|363,0||||1655,0
15407|Villa de Leyva|15|Boyacá|8552,0|0,0||||8552,0
15425|Macanal|15|Boyacá|2797,0|571,0||||2226,0
15442|Maripí|15|Boyacá|3056,0|1032,0||||2024,0
15455|Miraflores|15|Boyacá|4431,0|103,0||||4328,0
15464|Mongua|15|Boyacá|2601,0|722,0||||1879,0
15466|Monguí|15|Boyacá|3437,0|1321,0||||2116,0
15469|Moniquirá|15|Boyacá|12931,0|778,0||||12153,0
15476|Motavita|15|Boyacá|1972,0|42,0||||1930,0
15480|Muzo|15|Boyacá|2960,0|252,0||||2708,0
15491|Nobsa|15|Boyacá|5886,0|0,0||||5886,0
15494|Nuevo Colón|15|Boyacá|2578,0|0,0||||2578,0
15500|Oicatá|15|Boyacá|1246,0|0,0||||1246,0
15507|Otanche|15|Boyacá|3537,0|1048,0||||2489,0
15511|Pachavita|15|Boyacá|1736,0|288,0||||1448,0
15514|Páez|15|Boyacá|1810,0|408,0||||1402,0
15516|Paipa|15|Boyacá|16162,0|0,0||||16162,0
15518|Pajarito|15|Boyacá|1107,0|274,0||||833,0
15522|Panqueba|15|Boyacá|1112,0|266,0||||846,0
15531|Pauna|15|Boyacá|4299,0|1253,0||||3046,0
15533|Paya|15|Boyacá|895,0|204,0||||691,0
15537|Paz de Río|15|Boyacá|3304,0|1216,0||||2088,0
15542|Pesca|15|Boyacá|4433,0|1042,0||||3391,0
15550|Pisba|15|Boyacá|828,0|377,0||||451,0
15572|Puerto Boyacá|15|Boyacá|20553,0|299,0||||20254,0
15580|Quípama|15|Boyacá|2756,0|910,0||||1846,0
15599|Ramiriquí|15|Boyacá|5106,0|38,0||||5068,0
15600|Ráquira|15|Boyacá|5805,0|2199,0||||3606,0
15621|Rondón|15|Boyacá|1937,0|707,0||||1230,0
15632|Saboyá|15|Boyacá|6644,0|951,0||||5693,0
15638|Sáchica|15|Boyacá|2191,0|1,0||||2190,0
15646|Samacá|15|Boyacá|7046,0|0,0||||7046,0
15660|San Eduardo|15|Boyacá|827,0|0,0||||827,0
15664|San José de Pare|15|Boyacá|2253,0|0,0||||2253,0
15667|San Luis de Gaceno|15|Boyacá|2787,0|434,0||||2353,0
15673|San Mateo|15|Boyacá|2270,0|308,0||||1962,0
15676|San Miguel de Sema|15|Boyacá|1404,0|0,0||||1404,0
15681|San Pablo de Borbur|15|Boyacá|2908,0|670,0||||2238,0
15686|Santana|15|Boyacá|3040,0|0,0||||3040,0
15690|Santa María|15|Boyacá|1691,0|84,0||||1607,0
15693|Santa Rosa de Viterbo|15|Boyacá|5580,0|787,0||||4793,0
15696|Santa Sofía|15|Boyacá|2140,0|246,0||||1894,0
15720|Sativanorte|15|Boyacá|2093,0|739,0||||1354,0
15723|Sativasur|15|Boyacá|505,0|0,0||||505,0
15740|Siachoque|15|Boyacá|3016,0|136,0||||2880,0
15753|Soatá|15|Boyacá|5002,0|536,0||||4466,0
15755|Socotá|15|Boyacá|4540,0|1649,0||||2891,0
15757|Socha|15|Boyacá|4045,0|635,0||||3410,0
15759|Sogamoso|15|Boyacá|55021,0|0,0||||55021,0
15761|Somondoco|15|Boyacá|1812,0|170,0||||1642,0
15762|Sora|15|Boyacá|1390,0|321,0||||1069,0
15763|Sotaquirá|15|Boyacá|3748,0|223,0||||3525,0
15764|Soracá|15|Boyacá|2414,0|0,0||||2414,0
15774|Susacón|15|Boyacá|1900,0|592,0||||1308,0
15776|Sutamarchán|15|Boyacá|3195,0|94,0||||3101,0
15778|Sutatenza|15|Boyacá|2404,0|416,0||||1988,0
15790|Tasco|15|Boyacá|3585,0|792,0||||2793,0
15798|Tenza|15|Boyacá|3343,0|949,0||||2394,0
15804|Tibaná|15|Boyacá|5382,0|549,0||||4833,0
15806|Tibasosa|15|Boyacá|5943,0|400,0||||5543,0
15808|Tinjacá|15|Boyacá|1894,0|54,0||||1840,0
15810|Tipacoque|15|Boyacá|1532,0|159,0||||1373,0
15814|Toca|15|Boyacá|3935,0|15,0||||3920,0
15816|Togüí|15|Boyacá|1953,0|2,0||||1951,0
15820|Tópaga|15|Boyacá|1652,0|53,0||||1599,0
15822|Tota|15|Boyacá|3198,0|965,0||||2233,0
15832|Tununguá|15|Boyacá|599,0|0,0||||599,0
15835|Turmequé|15|Boyacá|2900,0|0,0||||2900,0
15837|Tuta|15|Boyacá|3857,0|0,0||||3857,0
15839|Tutazá|15|Boyacá|1199,0|230,0||||969,0
15842|Úmbita|15|Boyacá|3986,0|354,0||||3632,0
15861|Ventaquemada|15|Boyacá|6073,0|129,0||||5944,0
15879|Viracachá|15|Boyacá|2255,0|535,0||||1720,0
15897|Zetaquira|15|Boyacá|2656,0|128,0||||2528,0
17001|Manizales|17|Caldas|179379,0|28107,0||||151272,0
17013|Aguadas|17|Caldas|9626,0|118,0||||9508,0
17042|Anserma|17|Caldas|16088,0|2672,0||||13416,0
17050|Aranzazu|17|Caldas|5242,0|529,0||||4713,0
17088|Belalcázar|17|Caldas|4255,0|375,0||||3880,0
17174|Chinchiná|17|Caldas|19676,0|520,0||||19156,0
17272|Filadelfia|17|Caldas|5183,0|911,0||||4272,0
17380|La Dorada|17|Caldas|30483,0|2953,0||||27530,0
17388|La Merced|17|Caldas|3266,0|692,0||||2574,0
17433|Manzanares|17|Caldas|8721,0|1692,0||||7029,0
17442|Marmato|17|Caldas|3330,0|0,0||||3330,0
17444|Marquetalia|17|Caldas|5993,0|366,0||||5627,0
17446|Marulanda|17|Caldas|1394,0|126,0||||1268,0
17486|Neira|17|Caldas|10184,0|1620,0||||8564,0
17495|Norcasia|17|Caldas|2565,0|0,0||||2565,0
17513|Pácora|17|Caldas|6781,0|215,0||||6566,0
17524|Palestina|17|Caldas|7554,0|978,0||||6576,0
17541|Pensilvania|17|Caldas|11358,0|2732,0||||8626,0
17614|Riosucio|17|Caldas|18696,0|0,0||||18696,0
17616|Risaralda|17|Caldas|4067,0|77,0||||3990,0
17653|Salamina|17|Caldas|9738,0|2700,0||||7038,0
17662|Samaná|17|Caldas|10135,0|1181,0||||8954,0
17665|San José|17|Caldas|2109,0|108,0||||2001,0
17777|Supía|17|Caldas|10914,0|0,0||||10914,0
17867|Victoria|17|Caldas|4483,0|296,0||||4187,0
17873|Villamaría|17|Caldas|26192,0|3537,0||||22655,0
17877|Viterbo|17|Caldas|5406,0|0,0||||5406,0
18001|Florencia|18|Caquetá|73463,0|8454,0||||65009,0
18029|Albania|18|Caquetá|2577,0|875,0||||1702,0
18094|Belén de Los Andaquíes|18|Caquetá|4672,0|1277,0||||3395,0
18150|Cartagena del Chairá|18|Caquetá|12013,0|10862,0||||1151,0
18205|Curillo|18|Caquetá|3353,0|719,0||||2634,0
18247|El Doncello|18|Caquetá|7783,0|1500,0||||6283,0
18256|El Paujíl|18|Caquetá|7631,0|3084,0||||4547,0
18410|La Montañita|18|Caquetá|5178,0|2061,0||||3117,0
18460|Milán|18|Caquetá|3739,0|1682,0||||2057,0
18479|Morelia|18|Caquetá|1509,0|224,0||||1285,0
18592|Puerto Rico|18|Caquetá|10104,0|3140,0||||6964,0
18610|San José del Fragua|18|Caquetá|5883,0|1734,0||||4149,0
18753|San Vicente del Caguán|18|Caquetá|17617,0|523,0||||17094,0
18756|Solano|18|Caquetá|3935,0|1497,0||||2438,0
18785|Solita|18|Caquetá|2914,0|872,0||||2042,0
18860|Valparaíso|18|Caquetá|2821,0|437,0||||2384,0
19001|Popayán|19|Cauca|126480,0|0,0||||126480,0
19022|Almaguer|19|Cauca|8725,0|3240,0||||5485,0
19050|Argelia|19|Cauca|10157,0|1462,0||||8695,0
19075|Balboa|19|Cauca|10203,0|3039,0||||7164,0
19100|Bolívar|19|Cauca|15751,0|3089,0||||12662,0
19110|Buenos Aires|19|Cauca|11721,0|3901,0||||7820,0
19130|Cajibío|19|Cauca|15293,0|3288,0||||12005,0
19137|Caldono|19|Cauca|13070,0|2554,0||||10516,0
19142|Caloto|19|Cauca|12768,0|2684,0||||10084,0
19212|Corinto|19|Cauca|9418,0|0,0||||9418,0
19256|El Tambo|19|Cauca|23270,0|5474,0||||17796,0
19290|Florencia|19|Cauca|2164,0|487,0||||1677,0
19300|Guachené|19|Cauca|7233,0|772,0||||6461,0
19318|Guapi|19|Cauca|8796,0|687,0||||8109,0
19355|Inzá|19|Cauca|9705,0|633,0||||9072,0
19364|Jambaló|19|Cauca|4946,0|1049,0||||3897,0
19392|La Sierra|19|Cauca|3891,0|0,0||||3891,0
19397|La Vega|19|Cauca|10339,0|3062,0||||7277,0
19418|López de Micay|19|Cauca|6553,0|0,0||||6553,0
19450|Mercaderes|19|Cauca|9701,0|3786,0||||5915,0
19455|Miranda|19|Cauca|12463,0|1191,0||||11272,0
19473|Morales|19|Cauca|16593,0|6936,0||||9657,0
19513|Padilla|19|Cauca|3917,0|752,0||||3165,0
19517|Páez|19|Cauca|12789,0|3269,0||||9520,0
19532|Patía|19|Cauca|14799,0|3143,0||||11656,0
19533|Piamonte|19|Cauca|3647,0|1510,0||||2137,0
19548|Piendamó - Tunía|19|Cauca|15065,0|263,0||||14802,0
19573|Puerto Tejada|19|Cauca|15013,0|1326,0||||13687,0
19585|Puracé|19|Cauca|5341,0|478,0||||4863,0
19622|Rosas|19|Cauca|5216,0|1619,0||||3597,0
19693|San Sebastián|19|Cauca|5335,0|1868,0||||3467,0
19698|Santander de Quilichao|19|Cauca|41006,0|0,0||||41006,0
19701|Santa Rosa|19|Cauca|2336,0|240,0||||2096,0
19743|Silvia|19|Cauca|12093,0|2568,0||||9525,0
19760|Sotará Paispamba|19|Cauca|5993,0|1891,0||||4102,0
19780|Suárez|19|Cauca|11895,0|4089,0||||7806,0
19785|Sucre|19|Cauca|3402,0|884,0||||2518,0
19807|Timbío|19|Cauca|13858,0|1264,0||||12594,0
19809|Timbiquí|19|Cauca|9559,0|111,0||||9448,0
19821|Toribío|19|Cauca|11565,0|1914,0||||9651,0
19824|Totoró|19|Cauca|7584,0|1318,0||||6266,0
19845|Villa Rica|19|Cauca|8329,0|907,0||||7422,0
20001|Valledupar|20|Cesar|170228,0|32950,0||||137278,0
20011|Aguachica|20|Cesar|43439,0|2437,0||||41002,0
20013|Agustín Codazzi|20|Cesar|21684,0|8133,0||||13551,0
20032|Astrea|20|Cesar|6437,0|784,0||||5653,0
20045|Becerril|20|Cesar|7757,0|2739,0||||5018,0
20060|Bosconia|20|Cesar|13945,0|3679,0||||10266,0
20175|Chimichagua|20|Cesar|12209,0|5732,0||||6477,0
20178|Chiriguaná|20|Cesar|10457,0|2536,0||||7921,0
20228|Curumaní|20|Cesar|14343,0|4285,0||||10058,0
20238|El Copey|20|Cesar|9992,0|1446,0||||8546,0
20250|El Paso|20|Cesar|14148,0|8330,0||||5818,0
20295|Gamarra|20|Cesar|5749,0|1116,0||||4633,0
20310|González|20|Cesar|2427,0|1216,0||||1211,0
20383|La Gloria|20|Cesar|6562,0|2244,0||||4318,0
20400|La Jagua de Ibirico|20|Cesar|19791,0|9673,0||||10118,0
20443|Manaure Balcón del Cesar|20|Cesar|3548,0|547,0||||3001,0
20517|Pailitas|20|Cesar|7540,0|1928,0||||5612,0
20550|Pelaya|20|Cesar|8674,0|1767,0||||6907,0
20570|Pueblo Bello|20|Cesar|7840,0|4420,0||||3420,0
20614|Río de Oro|20|Cesar|6923,0|1803,0||||5120,0
20621|La Paz|20|Cesar|8684,0|1198,0||||7486,0
20710|San Alberto|20|Cesar|9926,0|719,0||||9207,0
20750|San Diego|20|Cesar|6481,0|1302,0||||5179,0
20770|San Martín|20|Cesar|9190,0|426,0||||8764,0
20787|Tamalameque|20|Cesar|5898,0|3416,0||||2482,0
23001|Montería|23|Córdoba|163862,0|2669,0||||161193,0
23068|Ayapel|23|Córdoba|15232,0|4230,0||||11002,0
23079|Buenavista|23|Córdoba|6715,0|1424,0||||5291,0
23090|Canalete|23|Córdoba|4871,0|560,0||||4311,0
23162|Cereté|23|Córdoba|31590,0|1082,0||||30508,0
23168|Chimá|23|Córdoba|5592,0|2016,0||||3576,0
23182|Chinú|23|Córdoba|16912,0|3164,0||||13748,0
23189|Ciénaga de Oro|23|Córdoba|19245,0|3154,0||||16091,0
23300|Cotorra|23|Córdoba|5681,0|2081,0||||3600,0
23350|La Apartada|23|Córdoba|5010,0|1120,0||||3890,0
23417|Lorica|23|Córdoba|37623,0|7920,0||||29703,0
23419|Los Córdobas|23|Córdoba|7443,0|3959,0||||3484,0
23464|Momil|23|Córdoba|5826,0|1398,0||||4428,0
23466|Montelíbano|23|Córdoba|29809,0|4897,0||||24912,0
23500|Moñitos|23|Córdoba|9530,0|3616,0||||5914,0
23555|Planeta Rica|23|Córdoba|20936,0|0,0||||20936,0
23570|Pueblo Nuevo|23|Córdoba|9941,0|1944,0||||7997,0
23574|Puerto Escondido|23|Córdoba|8061,0|2603,0||||5458,0
23580|Puerto Libertador|23|Córdoba|15936,0|7343,0||||8593,0
23586|Purísima de La Concepción|23|Córdoba|5631,0|1422,0||||4209,0
23660|Sahagún|23|Córdoba|34806,0|4135,0||||30671,0
23670|San Andrés de Sotavento|23|Córdoba|16527,0|7860,0||||8667,0
23672|San Antero|23|Córdoba|11607,0|2602,0||||9005,0
23675|San Bernardo del Viento|23|Córdoba|12014,0|3467,0||||8547,0
23678|San Carlos|23|Córdoba|7972,0|2071,0||||5901,0
23682|San José de Uré|23|Córdoba|3981,0|1843,0||||2138,0
23686|San Pelayo|23|Córdoba|15047,0|4079,0||||10968,0
23807|Tierralta|23|Córdoba|28588,0|10206,0||||18382,0
23815|Tuchín|23|Córdoba|12048,0|6220,0||||5828,0
23855|Valencia|23|Córdoba|12630,0|5288,0||||7342,0
25001|Agua de Dios|25|Cundinamarca|6979,0|1568,0||||5411,0
25019|Albán|25|Cundinamarca|3536,0|835,0||||2701,0
25035|Anapoima|25|Cundinamarca|13075,0|2656,0||||10419,0
25040|Anolaima|25|Cundinamarca|8285,0|1925,0||||6360,0
25053|Arbeláez|25|Cundinamarca|5845,0|850,0||||4995,0
25086|Beltrán|25|Cundinamarca|1017,0|262,0||||755,0
25095|Bituima|25|Cundinamarca|1583,0|243,0||||1340,0
25099|Bojacá|25|Cundinamarca|4303,0|1028,0||||3275,0
25120|Cabrera|25|Cundinamarca|1917,0|309,0||||1608,0
25123|Cachipay|25|Cundinamarca|5755,0|847,0||||4908,0
25126|Cajicá|25|Cundinamarca|35623,0|0,0||||35623,0
25148|Caparrapí|25|Cundinamarca|7179,0|2229,0||||4950,0
25151|Cáqueza|25|Cundinamarca|8537,0|1293,0||||7244,0
25154|Carmen de Carupa|25|Cundinamarca|4654,0|887,0||||3767,0
25168|Chaguaní|25|Cundinamarca|2323,0|748,0||||1575,0
25175|Chía|25|Cundinamarca|54846,0|0,0||||54846,0
25178|Chipaque|25|Cundinamarca|4062,0|415,0||||3647,0
25181|Choachí|25|Cundinamarca|5814,0|391,0||||5423,0
25183|Chocontá|25|Cundinamarca|9487,0|1509,0||||7978,0
25200|Cogua|25|Cundinamarca|8760,0|161,0||||8599,0
25214|Cota|25|Cundinamarca|12840,0|0,0||||12840,0
25224|Cucunubá|25|Cundinamarca|3350,0|312,0||||3038,0
25245|El Colegio|25|Cundinamarca|16244,0|2740,0||||13504,0
25258|El Peñón|25|Cundinamarca|3292,0|1293,0||||1999,0
25260|El Rosal|25|Cundinamarca|9203,0|821,0||||8382,0
25269|Facatativá|25|Cundinamarca|55303,0|10751,0||||44552,0
25279|Fómeque|25|Cundinamarca|6047,0|1535,0||||4512,0
25281|Fosca|25|Cundinamarca|2912,0|452,0||||2460,0
25286|Funza|25|Cundinamarca|38515,0|5025,0||||33490,0
25288|Fúquene|25|Cundinamarca|2472,0|96,0||||2376,0
25290|Fusagasugá|25|Cundinamarca|79913,0|12580,0||||67333,0
25293|Gachalá|25|Cundinamarca|2577,0|1360,0||||1217,0
25295|Gachancipá|25|Cundinamarca|7503,0|843,0||||6660,0
25297|Gachetá|25|Cundinamarca|6072,0|1397,0||||4675,0
25299|Gama|25|Cundinamarca|2344,0|731,0||||1613,0
25307|Girardot|25|Cundinamarca|52588,0|3776,0||||48812,0
25312|Granada|25|Cundinamarca|3081,0|290,0||||2791,0
25317|Guachetá|25|Cundinamarca|5974,0|751,0||||5223,0
25320|Guaduas|25|Cundinamarca|14984,0|2214,0||||12770,0
25322|Guasca|25|Cundinamarca|7192,0|1108,0||||6084,0
25324|Guataquí|25|Cundinamarca|1329,0|506,0||||823,0
25326|Guatavita|25|Cundinamarca|3354,0|111,0||||3243,0
25328|Guayabal de Síquima|25|Cundinamarca|2918,0|737,0||||2181,0
25335|Guayabetal|25|Cundinamarca|2724,0|711,0||||2013,0
25339|Gutiérrez|25|Cundinamarca|1726,0|318,0||||1408,0
25368|Jerusalén|25|Cundinamarca|1431,0|321,0||||1110,0
25372|Junín|25|Cundinamarca|4227,0|845,0||||3382,0
25377|La Calera|25|Cundinamarca|15892,0|1270,0||||14622,0
25386|La Mesa|25|Cundinamarca|23696,0|3995,0||||19701,0
25394|La Palma|25|Cundinamarca|6114,0|1673,0||||4441,0
25398|La Peña|25|Cundinamarca|3080,0|1090,0||||1990,0
25402|La Vega|25|Cundinamarca|11771,0|3183,0||||8588,0
25407|Lenguazaque|25|Cundinamarca|4209,0|311,0||||3898,0
25426|Machetá|25|Cundinamarca|3721,0|122,0||||3599,0
25430|Madrid|25|Cundinamarca|50086,0|0,0||||50086,0
25436|Manta|25|Cundinamarca|3202,0|867,0||||2335,0
25438|Medina|25|Cundinamarca|5261,0|1875,0||||3386,0
25473|Mosquera|25|Cundinamarca|56057,0|1033,0||||55024,0
25483|Nariño|25|Cundinamarca|1811,0|91,0||||1720,0
25486|Nemocón|25|Cundinamarca|5465,0|0,0||||5465,0
25488|Nilo|25|Cundinamarca|4747,0|841,0||||3906,0
25489|Nimaima|25|Cundinamarca|2255,0|851,0||||1404,0
25491|Nocaima|25|Cundinamarca|3771,0|962,0||||2809,0
25506|Venecia|25|Cundinamarca|2222,0|362,0||||1860,0
25513|Pacho|25|Cundinamarca|13324,0|1040,0||||12284,0
25518|Paime|25|Cundinamarca|2205,0|969,0||||1236,0
25524|Pandi|25|Cundinamarca|3035,0|925,0||||2110,0
25530|Paratebueno|25|Cundinamarca|3920,0|780,0||||3140,0
25535|Pasca|25|Cundinamarca|3976,0|306,0||||3670,0
25572|Puerto Salgar|25|Cundinamarca|6917,0|1348,0||||5569,0
25580|Pulí|25|Cundinamarca|2068,0|921,0||||1147,0
25592|Quebradanegra|25|Cundinamarca|2626,0|582,0||||2044,0
25594|Quetame|25|Cundinamarca|2544,0|254,0||||2290,0
25596|Quipile|25|Cundinamarca|3780,0|435,0||||3345,0
25599|Apulo|25|Cundinamarca|5118,0|2,0||||5116,0
25612|Ricaurte|25|Cundinamarca|26375,0|6942,0||||19433,0
25645|San Antonio del Tequendama|25|Cundinamarca|7503,0|1271,0||||6232,0
25649|San Bernardo|25|Cundinamarca|4436,0|1166,0||||3270,0
25653|San Cayetano|25|Cundinamarca|2440,0|622,0||||1818,0
25658|San Francisco|25|Cundinamarca|7021,0|1331,0||||5690,0
25662|San Juan de Rioseco|25|Cundinamarca|4708,0|819,0||||3889,0
25718|Sasaima|25|Cundinamarca|6003,0|1026,0||||4977,0
25736|Sesquilé|25|Cundinamarca|5321,0|931,0||||4390,0
25740|Sibaté|25|Cundinamarca|14126,0|2464,0||||11662,0
25743|Silvania|25|Cundinamarca|13089,0|1491,0||||11598,0
25745|Simijaca|25|Cundinamarca|5920,0|662,0||||5258,0
25754|Soacha|25|Cundinamarca|309995,0|61301,0||||248694,0
25758|Sopó|25|Cundinamarca|11249,0|2037,0||||9212,0
25769|Subachoque|25|Cundinamarca|7295,0|686,0||||6609,0
25772|Suesca|25|Cundinamarca|8913,0|2655,0||||6258,0
25777|Supatá|25|Cundinamarca|3267,0|579,0||||2688,0
25779|Susa|25|Cundinamarca|3694,0|922,0||||2772,0
25781|Sutatausa|25|Cundinamarca|3144,0|535,0||||2609,0
25785|Tabio|25|Cundinamarca|9789,0|555,0||||9234,0
25793|Tausa|25|Cundinamarca|3472,0|480,0||||2992,0
25797|Tena|25|Cundinamarca|6228,0|828,0||||5400,0
25799|Tenjo|25|Cundinamarca|8532,0|0,0||||8532,0
25805|Tibacuy|25|Cundinamarca|2649,0|535,0||||2114,0
25807|Tibirita|25|Cundinamarca|2700,0|915,0||||1785,0
25815|Tocaima|25|Cundinamarca|10938,0|2987,0||||7951,0
25817|Tocancipá|25|Cundinamarca|14484,0|0,0||||14484,0
25823|Topaipí|25|Cundinamarca|2349,0|854,0||||1495,0
25839|Ubalá|25|Cundinamarca|5482,0|2686,0||||2796,0
25841|Ubaque|25|Cundinamarca|3984,0|812,0||||3172,0
25843|Villa de San Diego de Ubaté|25|Cundinamarca|18573,0|1490,0||||17083,0
25845|Une|25|Cundinamarca|3205,0|460,0||||2745,0
25851|Útica|25|Cundinamarca|2422,0|278,0||||2144,0
25862|Vergara|25|Cundinamarca|3653,0|477,0||||3176,0
25867|Vianí|25|Cundinamarca|2332,0|399,0||||1933,0
25871|Villagómez|25|Cundinamarca|1039,0|371,0||||668,0
25873|Villapinzón|25|Cundinamarca|7154,0|609,0||||6545,0
25875|Villeta|25|Cundinamarca|14639,0|0,0||||14639,0
25878|Viotá|25|Cundinamarca|7213,0|0,0||||7213,0
25885|Yacopí|25|Cundinamarca|7529,0|3405,0||||4124,0
25898|Zipacón|25|Cundinamarca|2228,0|0,0||||2228,0
25899|Zipaquirá|25|Cundinamarca|58336,0|949,0||||57387,0
27001|Quibdó|27|Chocó|50104,0|0,0||||50104,0
27006|Acandí|27|Chocó|6391,0|0,0||||6391,0
27025|Alto Baudó|27|Chocó|7553,0|2372,0||||5181,0
27050|Atrato|27|Chocó|2643,0|630,0||||2013,0
27073|Bagadó|27|Chocó|3799,0|140,0||||3659,0
27075|Bahía Solano|27|Chocó|3479,0|0,0||||3479,0
27077|Bajo Baudó|27|Chocó|8509,0|1740,0||||6769,0
27099|Bojayá|27|Chocó|4655,0|755,0||||3900,0
27135|El Cantón del San Pablo|27|Chocó|3066,0|1067,0||||1999,0
27150|Carmen del Darién|27|Chocó|6762,0|3705,0||||3057,0
27160|Cértegui|27|Chocó|3211,0|1735,0||||1476,0
27205|Condoto|27|Chocó|5899,0|0,0||||5899,0
27245|El Carmen de Atrato|27|Chocó|2965,0|0,0||||2965,0
27250|El Litoral del San Juan|27|Chocó|6749,0|2596,0||||4153,0
27361|Istmina|27|Chocó|13205,0|0,0||||13205,0
27372|Juradó|27|Chocó|1977,0|0,0||||1977,0
27413|Lloró|27|Chocó|3519,0|0,0||||3519,0
27425|Medio Atrato|27|Chocó|3773,0|350,0||||3423,0
27430|Medio Baudó|27|Chocó|5418,0|1169,0||||4249,0
27450|Medio San Juan|27|Chocó|4666,0|378,0||||4288,0
27491|Nóvita|27|Chocó|3941,0|814,0||||3127,0
27493|Nuevo Belén de Bajirá|27|Chocó||||||
27495|Nuquí|27|Chocó|4525,0|0,0||||4525,0
27580|Río Iró|27|Chocó|2273,0|885,0||||1388,0
27600|Río Quito|27|Chocó|3638,0|806,0||||2832,0
27615|Riosucio|27|Chocó|18050,0|8068,0||||9982,0
27660|San José del Palmar|27|Chocó|2471,0|1133,0||||1338,0
27745|Sipí|27|Chocó|1514,0|256,0||||1258,0
27787|Tadó|27|Chocó|7293,0|557,0||||6736,0
27800|Unguía|27|Chocó|5450,0|0,0||||5450,0
27810|Unión Panamericana|27|Chocó|3147,0|304,0||||2843,0
41001|Neiva|41|Huila|143657,0|0,0||||143657,0
41006|Acevedo|41|Huila|9853,0|0,0||||9853,0
41013|Agrado|41|Huila|3599,0|0,0||||3599,0
41016|Aipe|41|Huila|6652,0|0,0||||6652,0
41020|Algeciras|41|Huila|8791,0|452,0||||8339,0
41026|Altamira|41|Huila|1665,0|0,0||||1665,0
41078|Baraya|41|Huila|3385,0|734,0||||2651,0
41132|Campoalegre|41|Huila|12207,0|423,0||||11784,0
41206|Colombia|41|Huila|3811,0|649,0||||3162,0
41244|Elías|41|Huila|1857,0|318,0||||1539,0
41298|Garzón|41|Huila|28935,0|423,0||||28512,0
41306|Gigante|41|Huila|10495,0|833,0||||9662,0
41319|Guadalupe|41|Huila|7416,0|484,0||||6932,0
41349|Hobo|41|Huila|3239,0|184,0||||3055,0
41357|Íquira|41|Huila|4220,0|260,0||||3960,0
41359|Isnos|41|Huila|8612,0|30,0||||8582,0
41378|La Argentina|41|Huila|5875,0|820,0||||5055,0
41396|La Plata|41|Huila|21747,0|0,0||||21747,0
41483|Nátaga|41|Huila|2603,0|217,0||||2386,0
41503|Oporapa|41|Huila|4245,0|550,0||||3695,0
41518|Paicol|41|Huila|2629,0|0,0||||2629,0
41524|Palermo|41|Huila|12224,0|0,0||||12224,0
41530|Palestina|41|Huila|3659,0|0,0||||3659,0
41548|Pital|41|Huila|5619,0|114,0||||5505,0
41551|Pitalito|41|Huila|48205,0|0,0||||48205,0
41615|Rivera|41|Huila|9498,0|0,0||||9498,0
41660|Saladoblanco|41|Huila|3883,0|0,0||||3883,0
41668|San Agustín|41|Huila|11541,0|0,0||||11541,0
41676|Santa María|41|Huila|4609,0|758,0||||3851,0
41770|Suaza|41|Huila|8812,0|1385,0||||7427,0
41791|Tarqui|41|Huila|7050,0|827,0||||6223,0
41797|Tesalia|41|Huila|4053,0|0,0||||4053,0
41799|Tello|41|Huila|5490,0|1198,0||||4292,0
41801|Teruel|41|Huila|3099,0|0,0||||3099,0
41807|Timaná|41|Huila|8077,0|67,0||||8010,0
41872|Villavieja|41|Huila|2941,0|100,0||||2841,0
41885|Yaguará|41|Huila|3343,0|142,0||||3201,0
44001|Riohacha|44|La Guajira|64598,0|8434,0||||56164,0
44035|Albania|44|La Guajira|8643,0|3478,0||||5165,0
44078|Barrancas|44|La Guajira|12672,0|4462,0||||8210,0
44090|Dibulla|44|La Guajira|11690,0|3972,0||||7718,0
44098|Distracción|44|La Guajira|4940,0|1237,0||||3703,0
44110|El Molino|44|La Guajira|3440,0|1590,0||||1850,0
44279|Fonseca|44|La Guajira|14845,0|3473,0||||11372,0
44378|Hatonuevo|44|La Guajira|7422,0|2157,0||||5265,0
44420|La Jagua del Pilar|44|La Guajira|927,0|288,0||||639,0
44430|Maicao|44|La Guajira|57184,0|22084,0||||35100,0
44560|Manaure|44|La Guajira|31049,0|26941,0||||4108,0
44650|San Juan del Cesar|44|La Guajira|16630,0|4459,0||||12171,0
44847|Uribia|44|La Guajira|58727,0|53272,0||||5455,0
44855|Urumita|44|La Guajira|2814,0|87,0||||2727,0
44874|Villanueva|44|La Guajira|9787,0|2782,0||||7005,0
47001|Santa Marta|47|Magdalena|204450,0|43367,0||||161083,0
47030|Algarrobo|47|Magdalena|4737,0|1180,0||||3557,0
47053|Aracataca|47|Magdalena|10915,0|2363,0||||8552,0
47058|Ariguaní|47|Magdalena|10320,0|4744,0||||5576,0
47161|Cerro de San Antonio|47|Magdalena|2672,0|814,0||||1858,0
47170|Chivolo|47|Magdalena|7584,0|3451,0||||4133,0
47189|Ciénaga|47|Magdalena|35917,0|9945,0||||25972,0
47205|Concordia|47|Magdalena|3924,0|1336,0||||2588,0
47245|El Banco|47|Magdalena|20424,0|9313,0||||11111,0
47258|El Piñón|47|Magdalena|7420,0|3515,0||||3905,0
47268|El Retén|47|Magdalena|6113,0|1659,0||||4454,0
47288|Fundación|47|Magdalena|22033,0|3912,0||||18121,0
47318|Guamal|47|Magdalena|8395,0|2320,0||||6075,0
47460|Nueva Granada|47|Magdalena|6483,0|2856,0||||3627,0
47541|Pedraza|47|Magdalena|3284,0|2678,0||||606,0
47545|Pijiño del Carmen|47|Magdalena|4464,0|2098,0||||2366,0
47551|Pivijay|47|Magdalena|13653,0|3313,0||||10340,0
47555|Plato|47|Magdalena|18884,0|6827,0||||12057,0
47570|Puebloviejo|47|Magdalena|7218,0|6929,0||||289,0
47605|Remolino|47|Magdalena|4024,0|2755,0||||1269,0
47660|Sabanas de San Ángel|47|Magdalena|5485,0|2801,0||||2684,0
47675|Salamina|47|Magdalena|3749,0|1008,0||||2741,0
47692|San Sebastián de Buenavista|47|Magdalena|6471,0|3377,0||||3094,0
47703|San Zenón|47|Magdalena|3616,0|1320,0||||2296,0
47707|Santa Ana|47|Magdalena|8099,0|3437,0||||4662,0
47720|Santa Bárbara de Pinto|47|Magdalena|4396,0|2660,0||||1736,0
47745|Sitionuevo|47|Magdalena|7856,0|5434,0||||2422,0
47798|Tenerife|47|Magdalena|4653,0|2646,0||||2007,0
47960|Zapayán|47|Magdalena|3253,0|1529,0||||1724,0
47980|Zona Bananera|47|Magdalena|18390,0|4239,0||||14151,0
50001|Villavicencio|50|Meta|220375,0|1904,0||||218471,0
50006|Acacías|50|Meta|33078,0|0,0||||33078,0
50110|Barranca de Upía|50|Meta|2317,0|145,0||||2172,0
50124|Cabuyaro|50|Meta|2544,0|372,0||||2172,0
50150|Castilla la Nueva|50|Meta|5305,0|215,0||||5090,0
50223|Cubarral|50|Meta|3663,0|390,0||||3273,0
50226|Cumaral|50|Meta|9200,0|188,0||||9012,0
50245|El Calvario|50|Meta|1190,0|550,0||||640,0
50251|El Castillo|50|Meta|3314,0|639,0||||2675,0
50270|El Dorado|50|Meta|1826,0|249,0||||1577,0
50287|Fuente de Oro|50|Meta|5267,0|566,0||||4701,0
50313|Granada|50|Meta|32293,0|2987,0||||29306,0
50318|Guamal|50|Meta|5435,0|0,0||||5435,0
50325|Mapiripán|50|Meta|3263,0|2081,0||||1182,0
50330|Mesetas|50|Meta|4924,0|1509,0||||3415,0
50350|La Macarena|50|Meta|10549,0|8084,0||||2465,0
50370|Uribe|50|Meta|3494,0|1490,0||||2004,0
50400|Lejanías|50|Meta|4352,0|1,0||||4351,0
50450|Puerto Concordia|50|Meta|3559,0|287,0||||3272,0
50568|Puerto Gaitán|50|Meta|13284,0|1034,0||||12250,0
50573|Puerto López|50|Meta|12485,0|198,0||||12287,0
50577|Puerto Lleras|50|Meta|5332,0|2361,0||||2971,0
50590|Puerto Rico|50|Meta|5610,0|2216,0||||3394,0
50606|Restrepo|50|Meta|9064,0|0,0||||9064,0
50680|San Carlos de Guaroa|50|Meta|4860,0|687,0||||4173,0
50683|San Juan de Arama|50|Meta|3627,0|436,0||||3191,0
50686|San Juanito|50|Meta|812,0|291,0||||521,0
50689|San Martín|50|Meta|10933,0|1713,0||||9220,0
50711|Vistahermosa|50|Meta|7810,0|2072,0||||5738,0
52001|Pasto|52|Nariño|136060,0|0,0||||136060,0
52019|Albán|52|Nariño|4105,0|1078,0||||3027,0
52022|Aldana|52|Nariño|2387,0|0,0||||2387,0
52036|Ancuya|52|Nariño|3187,0|344,0||||2843,0
52051|Arboleda|52|Nariño|3025,0|473,0||||2552,0
52079|Barbacoas|52|Nariño|16985,0|7348,0||||9637,0
52083|Belén|52|Nariño|1738,0|0,0||||1738,0
52110|Buesaco|52|Nariño|11140,0|2829,0||||8311,0
52203|Colón|52|Nariño|2992,0|54,0||||2938,0
52207|Consacá|52|Nariño|5450,0|1305,0||||4145,0
52210|Contadero|52|Nariño|2785,0|446,0||||2339,0
52215|Córdoba|52|Nariño|5583,0|128,0||||5455,0
52224|Cuaspud Carlosama|52|Nariño|3125,0|381,0||||2744,0
52227|Cumbal|52|Nariño|12896,0|2018,0||||10878,0
52233|Cumbitara|52|Nariño|2832,0|0,0||||2832,0
52240|Chachagüí|52|Nariño|9140,0|2080,0||||7060,0
52250|El Charco|52|Nariño|6834,0|0,0||||6834,0
52254|El Peñol|52|Nariño|3008,0|539,0||||2469,0
52256|El Rosario|52|Nariño|5722,0|2864,0||||2858,0
52258|El Tablón de Gómez|52|Nariño|4384,0|0,0||||4384,0
52260|El Tambo|52|Nariño|6254,0|714,0||||5540,0
52287|Funes|52|Nariño|3225,0|979,0||||2246,0
52317|Guachucal|52|Nariño|6648,0|313,0||||6335,0
52320|Guaitarilla|52|Nariño|5233,0|884,0||||4349,0
52323|Gualmatán|52|Nariño|2641,0|369,0||||2272,0
52352|Iles|52|Nariño|3564,0|573,0||||2991,0
52354|Imués|52|Nariño|4278,0|1024,0||||3254,0
52356|Ipiales|52|Nariño|37971,0|0,0||||37971,0
52378|La Cruz|52|Nariño|7047,0|721,0||||6326,0
52381|La Florida|52|Nariño|5203,0|770,0||||4433,0
52385|La Llanada|52|Nariño|2817,0|792,0||||2025,0
52390|La Tola|52|Nariño|2476,0|0,0||||2476,0
52399|La Unión|52|Nariño|8949,0|0,0||||8949,0
52405|Leiva|52|Nariño|3910,0|1013,0||||2897,0
52411|Linares|52|Nariño|4374,0|209,0||||4165,0
52418|Los Andes|52|Nariño|4289,0|414,0||||3875,0
52427|Magüí|52|Nariño|5553,0|405,0||||5148,0
52435|Mallama|52|Nariño|3509,0|456,0||||3053,0
52473|Mosquera|52|Nariño|3846,0|60,0||||3786,0
52480|Nariño|52|Nariño|1586,0|0,0||||1586,0
52490|Olaya Herrera|52|Nariño|8140,0|0,0||||8140,0
52506|Ospina|52|Nariño|2894,0|437,0||||2457,0
52520|Francisco Pizarro|52|Nariño|5042,0|2588,0||||2454,0
52540|Policarpa|52|Nariño|3630,0|0,0||||3630,0
52560|Potosí|52|Nariño|4229,0|0,0||||4229,0
52565|Providencia|52|Nariño|2616,0|399,0||||2217,0
52573|Puerres|52|Nariño|4302,0|854,0||||3448,0
52585|Pupiales|52|Nariño|6272,0|0,0||||6272,0
52612|Ricaurte|52|Nariño|6694,0|2596,0||||4098,0
52621|Roberto Payán|52|Nariño|4047,0|0,0||||4047,0
52678|Samaniego|52|Nariño|13621,0|2347,0||||11274,0
52683|Sandoná|52|Nariño|8362,0|256,0||||8106,0
52685|San Bernardo|52|Nariño|2523,0|11,0||||2512,0
52687|San Lorenzo|52|Nariño|6402,0|269,0||||6133,0
52693|San Pablo|52|Nariño|5120,0|0,0||||5120,0
52694|San Pedro de Cartago|52|Nariño|2066,0|55,0||||2011,0
52696|Santa Bárbara|52|Nariño|4344,0|0,0||||4344,0
52699|Santacruz|52|Nariño|4690,0|1108,0||||3582,0
52720|Sapuyes|52|Nariño|2230,0|0,0||||2230,0
52786|Taminango|52|Nariño|7873,0|1200,0||||6673,0
52788|Tangua|52|Nariño|5076,0|1506,0||||3570,0
52835|San Andrés de Tumaco|52|Nariño|92483,0|32690,0||||59793,0
52838|Túquerres|52|Nariño|14914,0|0,0||||14914,0
52885|Yacuanquer|52|Nariño|3986,0|273,0||||3713,0
54001|San José de Cúcuta|54|Norte de Santander|264986,0|0,0||||264986,0
54003|Ábrego|54|Norte de Santander|11073,0|508,0||||10565,0
54051|Arboledas|54|Norte de Santander|3702,0|1201,0||||2501,0
54099|Bochalema|54|Norte de Santander|3773,0|693,0||||3080,0
54109|Bucarasica|54|Norte de Santander|2274,0|914,0||||1360,0
54125|Cácota|54|Norte de Santander|1183,0|95,0||||1088,0
54128|Cáchira|54|Norte de Santander|4282,0|598,0||||3684,0
54172|Chinácota|54|Norte de Santander|8534,0|123,0||||8411,0
54174|Chitagá|54|Norte de Santander|4365,0|788,0||||3577,0
54206|Convención|54|Norte de Santander|6581,0|0,0||||6581,0
54223|Cucutilla|54|Norte de Santander|3234,0|569,0||||2665,0
54239|Durania|54|Norte de Santander|1706,0|0,0||||1706,0
54245|El Carmen|54|Norte de Santander|5306,0|716,0||||4590,0
54250|El Tarra|54|Norte de Santander|7110,0|0,0||||7110,0
54261|El Zulia|54|Norte de Santander|9773,0|0,0||||9773,0
54313|Gramalote|54|Norte de Santander|2940,0|450,0||||2490,0
54344|Hacarí|54|Norte de Santander|3074,0|0,0||||3074,0
54347|Herrán|54|Norte de Santander|1688,0|826,0||||862,0
54377|Labateca|54|Norte de Santander|2784,0|466,0||||2318,0
54385|La Esperanza|54|Norte de Santander|4295,0|0,0||||4295,0
54398|La Playa|54|Norte de Santander|2764,0|298,0||||2466,0
54405|Los Patios|54|Norte de Santander|33176,0|0,0||||33176,0
54418|Lourdes|54|Norte de Santander|1457,0|107,0||||1350,0
54480|Mutiscua|54|Norte de Santander|1641,0|326,0||||1315,0
54498|Ocaña|54|Norte de Santander|45404,0|0,0||||45404,0
54518|Pamplona|54|Norte de Santander|20015,0|0,0||||20015,0
54520|Pamplonita|54|Norte de Santander|2169,0|24,0||||2145,0
54553|Puerto Santander|54|Norte de Santander|2412,0|0,0||||2412,0
54599|Ragonvalia|54|Norte de Santander|2044,0|209,0||||1835,0
54660|Salazar|54|Norte de Santander|3982,0|995,0||||2987,0
54670|San Calixto|54|Norte de Santander|3628,0|888,0||||2740,0
54673|San Cayetano|54|Norte de Santander|2706,0|0,0||||2706,0
54680|Santiago|54|Norte de Santander|1303,0|350,0||||953,0
54720|Sardinata|54|Norte de Santander|8951,0|1866,0||||7085,0
54743|Silos|54|Norte de Santander|2569,0|307,0||||2262,0
54800|Teorama|54|Norte de Santander|5815,0|0,0||||5815,0
54810|Tibú|54|Norte de Santander|18860,0|0,0||||18860,0
54820|Toledo|54|Norte de Santander|5938,0|360,0||||5578,0
54871|Villa Caro|54|Norte de Santander|1909,0|166,0||||1743,0
54874|Villa del Rosario|54|Norte de Santander|36056,0|0,0||||36056,0
63001|Armenia|63|Quindío|127064,0|0,0||||127064,0
63111|Buenavista|63|Quindío|1257,0|361,0||||896,0
63130|Calarcá|63|Quindío|28022,0|2928,0||||25094,0
63190|Circasia|63|Quindío|11350,0|677,0||||10673,0
63212|Córdoba|63|Quindío|2247,0|196,0||||2051,0
63272|Filandia|63|Quindío|5466,0|539,0||||4927,0
63302|Génova|63|Quindío|3225,0|475,0||||2750,0
63401|La Tebaida|63|Quindío|12189,0|1088,0||||11101,0
63470|Montenegro|63|Quindío|13544,0|275,0||||13269,0
63548|Pijao|63|Quindío|2289,0|440,0||||1849,0
63594|Quimbaya|63|Quindío|11862,0|74,0||||11788,0
63690|Salento|63|Quindío|4142,0|741,0||||3401,0
66001|Pereira|66|Risaralda|198404,0|1556,0||||196848,0
66045|Apía|66|Risaralda|5668,0|1214,0||||4454,0
66075|Balboa|66|Risaralda|2423,0|16,0||||2407,0
66088|Belén de Umbría|66|Risaralda|10540,0|1139,0||||9401,0
66170|Dosquebradas|66|Risaralda|88747,0|0,0||||88747,0
66318|Guática|66|Risaralda|5302,0|275,0||||5027,0
66383|La Celia|66|Risaralda|3276,0|486,0||||2790,0
66400|La Virginia|66|Risaralda|10363,0|396,0||||9967,0
66440|Marsella|66|Risaralda|7226,0|1023,0||||6203,0
66456|Mistrató|66|Risaralda|5694,0|1224,0||||4470,0
66572|Pueblo Rico|66|Risaralda|5300,0|1302,0||||3998,0
66594|Quinchía|66|Risaralda|10300,0|131,0||||10169,0
66682|Santa Rosa de Cabal|66|Risaralda|30916,0|0,0||||30916,0
66687|Santuario|66|Risaralda|5663,0|928,0||||4735,0
68001|Bucaramanga|68|Santander|216552,0|0,0||||216552,0
68013|Aguada|68|Santander|1039,0|280,0||||759,0
68020|Albania|68|Santander|2645,0|418,0||||2227,0
68051|Aratoca|68|Santander|3167,0|19,0||||3148,0
68077|Barbosa|68|Santander|13310,0|0,0||||13310,0
68079|Barichara|68|Santander|5059,0|1008,0||||4051,0
68081|Barrancabermeja|68|Santander|81022,0|0,0||||81022,0
68092|Betulia|68|Santander|2477,0|0,0||||2477,0
68101|Bolívar|68|Santander|5604,0|678,0||||4926,0
68121|Cabrera|68|Santander|818,0|47,0||||771,0
68132|California|68|Santander|826,0|149,0||||677,0
68147|Capitanejo|68|Santander|2702,0|276,0||||2426,0
68152|Carcasí|68|Santander|2094,0|271,0||||1823,0
68160|Cepitá|68|Santander|965,0|164,0||||801,0
68162|Cerrito|68|Santander|2551,0|214,0||||2337,0
68167|Charalá|68|Santander|5883,0|0,0||||5883,0
68169|Charta|68|Santander|1685,0|419,0||||1266,0
68176|Chima|68|Santander|1595,0|276,0||||1319,0
68179|Chipatá|68|Santander|2651,0|512,0||||2139,0
68190|Cimitarra|68|Santander|16343,0|2733,0||||13610,0
68207|Concepción|68|Santander|2532,0|227,0||||2305,0
68209|Confines|68|Santander|1234,0|0,0||||1234,0
68211|Contratación|68|Santander|2044,0|278,0||||1766,0
68217|Coromoro|68|Santander|3279,0|319,0||||2960,0
68229|Curití|68|Santander|5483,0|0,0||||5483,0
68235|El Carmen de Chucurí|68|Santander|8273,0|2105,0||||6168,0
68245|El Guacamayo|68|Santander|1216,0|189,0||||1027,0
68250|El Peñón|68|Santander|2870,0|886,0||||1984,0
68255|El Playón|68|Santander|5569,0|795,0||||4774,0
68264|Encino|68|Santander|1410,0|400,0||||1010,0
68266|Enciso|68|Santander|1668,0|148,0||||1520,0
68271|Florián|68|Santander|3410,0|926,0||||2484,0
68276|Floridablanca|68|Santander|109051,0|3264,0||||105787,0
68296|Galán|68|Santander|1634,0|296,0||||1338,0
68298|Gámbita|68|Santander|2646,0|616,0||||2030,0
68307|Girón|68|Santander|57840,0|0,0||||57840,0
68318|Guaca|68|Santander|2683,0|130,0||||2553,0
68320|Guadalupe|68|Santander|2667,0|180,0||||2487,0
68322|Guapotá|68|Santander|1097,0|106,0||||991,0
68324|Guavatá|68|Santander|2119,0|48,0||||2071,0
68327|Güepsa|68|Santander|2064,0|138,0||||1926,0
68344|Hato|68|Santander|997,0|48,0||||949,0
68368|Jesús María|68|Santander|2003,0|473,0||||1530,0
68370|Jordán|68|Santander|449,0|0,0||||449,0
68377|La Belleza|68|Santander|3383,0|790,0||||2593,0
68385|Landázuri|68|Santander|5895,0|726,0||||5169,0
68397|La Paz|68|Santander|2437,0|366,0||||2071,0
68406|Lebrija|68|Santander|14269,0|0,0||||14269,0
68418|Los Santos|68|Santander|6956,0|0,0||||6956,0
68425|Macaravita|68|Santander|1118,0|0,0||||1118,0
68432|Málaga|68|Santander|8406,0|0,0||||8406,0
68444|Matanza|68|Santander|2616,0|22,0||||2594,0
68464|Mogotes|68|Santander|4651,0|0,0||||4651,0
68468|Molagavita|68|Santander|2251,0|379,0||||1872,0
68498|Ocamonte|68|Santander|2434,0|159,0||||2275,0
68500|Oiba|68|Santander|4978,0|0,0||||4978,0
68502|Onzaga|68|Santander|3032,0|869,0||||2163,0
68522|Palmar|68|Santander|644,0|111,0||||533,0
68524|Palmas del Socorro|68|Santander|1200,0|0,0||||1200,0
68533|Páramo|68|Santander|1754,0|0,0||||1754,0
68547|Piedecuesta|68|Santander|67643,0|0,0||||67643,0
68549|Pinchote|68|Santander|2538,0|56,0||||2482,0
68572|Puente Nacional|68|Santander|8540,0|1081,0||||7459,0
68573|Puerto Parra|68|Santander|3455,0|458,0||||2997,0
68575|Puerto Wilches|68|Santander|13970,0|1030,0||||12940,0
68615|Rionegro|68|Santander|10345,0|0,0||||10345,0
68655|Sabana de Torres|68|Santander|13942,0|720,0||||13222,0
68669|San Andrés|68|Santander|4658,0|594,0||||4064,0
68673|San Benito|68|Santander|1349,0|96,0||||1253,0
68679|San Gil|68|Santander|24560,0|0,0||||24560,0
68682|San Joaquín|68|Santander|1595,0|392,0||||1203,0
68684|San José de Miranda|68|Santander|2144,0|353,0||||1791,0
68686|San Miguel|68|Santander|1274,0|133,0||||1141,0
68689|San Vicente de Chucurí|68|Santander|14998,0|2632,0||||12366,0
68705|Santa Bárbara|68|Santander|1061,0|31,0||||1030,0
68720|Santa Helena del Opón|68|Santander|1970,0|432,0||||1538,0
68745|Simacota|68|Santander|4301,0|721,0||||3580,0
68755|Socorro|68|Santander|12965,0|0,0||||12965,0
68770|Suaita|68|Santander|5444,0|747,0||||4697,0
68773|Sucre|68|Santander|3833,0|418,0||||3415,0
68780|Suratá|68|Santander|1919,0|217,0||||1702,0
68820|Tona|68|Santander|3685,0|347,0||||3338,0
68855|Valle de San José|68|Santander|2378,0|0,0||||2378,0
68861|Vélez|68|Santander|10744,0|1869,0||||8875,0
68867|Vetas|68|Santander|884,0|167,0||||717,0
68872|Villanueva|68|Santander|3122,0|0,0||||3122,0
68895|Zapatoca|68|Santander|4257,0|0,0||||4257,0
70001|Sincelejo|70|Sucre|97722,0|4569,0||||93153,0
70110|Buenavista|70|Sucre|3568,0|949,0||||2619,0
70124|Caimito|70|Sucre|4584,0|1169,0||||3415,0
70204|Colosó|70|Sucre|2882,0|303,0||||2579,0
70215|Corozal|70|Sucre|23162,0|2432,0||||20730,0
70221|Coveñas|70|Sucre|7815,0|1135,0||||6680,0
70230|Chalán|70|Sucre|1403,0|290,0||||1113,0
70233|El Roble|70|Sucre|3584,0|826,0||||2758,0
70235|Galeras|70|Sucre|7312,0|1010,0||||6302,0
70265|Guaranda|70|Sucre|5670,0|1143,0||||4527,0
70400|La Unión|70|Sucre|3947,0|498,0||||3449,0
70418|Los Palmitos|70|Sucre|7853,0|2031,0||||5822,0
70429|Majagual|70|Sucre|12821,0|3208,0||||9613,0
70473|Morroa|70|Sucre|5315,0|946,0||||4369,0
70508|Ovejas|70|Sucre|8538,0|2359,0||||6179,0
70523|Palmito|70|Sucre|4449,0|1648,0||||2801,0
70670|Sampués|70|Sucre|13585,0|1322,0||||12263,0
70678|San Benito Abad|70|Sucre|11137,0|5541,0||||5596,0
70702|San Juan de Betulia|70|Sucre|4455,0|648,0||||3807,0
70708|San Marcos|70|Sucre|18759,0|2144,0||||16615,0
70713|San Onofre|70|Sucre|17767,0|7075,0||||10692,0
70717|San Pedro|70|Sucre|6172,0|383,0||||5789,0
70742|San Luis de Sincé|70|Sucre|10627,0|2272,0||||8355,0
70771|Sucre|70|Sucre|10959,0|3941,0||||7018,0
70820|Santiago de Tolú|70|Sucre|11625,0|1979,0||||9646,0
70823|San José de Toluviejo|70|Sucre|7565,0|1525,0||||6040,0
73001|Ibagué|73|Tolima|215834,0|0,0||||215834,0
73024|Alpujarra|73|Tolima|2651,0|628,0||||2023,0
73026|Alvarado|73|Tolima|3590,0|338,0||||3252,0
73030|Ambalema|73|Tolima|3381,0|761,0||||2620,0
73043|Anzoátegui|73|Tolima|3718,0|465,0||||3253,0
73055|Armero|73|Tolima|5434,0|0,0||||5434,0
73067|Ataco|73|Tolima|8314,0|1136,0||||7178,0
73124|Cajamarca|73|Tolima|6458,0|0,0||||6458,0
73148|Carmen de Apicalá|73|Tolima|6937,0|0,0||||6937,0
73152|Casabianca|73|Tolima|2772,0|281,0||||2491,0
73168|Chaparral|73|Tolima|23085,0|3706,0||||19379,0
73200|Coello|73|Tolima|3763,0|466,0||||3297,0
73217|Coyaima|73|Tolima|10517,0|1872,0||||8645,0
73226|Cunday|73|Tolima|4658,0|613,0||||4045,0
73236|Dolores|73|Tolima|3954,0|447,0||||3507,0
73268|Espinal|73|Tolima|25852,0|0,0||||25852,0
73270|Falan|73|Tolima|3072,0|0,0||||3072,0
73275|Flandes|73|Tolima|18909,0|0,0||||18909,0
73283|Fresno|73|Tolima|11749,0|0,0||||11749,0
73319|Guamo|73|Tolima|14287,0|461,0||||13826,0
73347|Herveo|73|Tolima|3743,0|203,0||||3540,0
73349|Honda|73|Tolima|10722,0|180,0||||10542,0
73352|Icononzo|73|Tolima|5602,0|0,0||||5602,0
73408|Lérida|73|Tolima|7873,0|0,0||||7873,0
73411|Líbano|73|Tolima|15373,0|0,0||||15373,0
73443|San Sebastián de Mariquita|73|Tolima|15965,0|0,0||||15965,0
73449|Melgar|73|Tolima|23933,0|0,0||||23933,0
73461|Murillo|73|Tolima|1887,0|575,0||||1312,0
73483|Natagaima|73|Tolima|7343,0|1131,0||||6212,0
73504|Ortega|73|Tolima|12787,0|2811,0||||9976,0
73520|Palocabildo|73|Tolima|3513,0|0,0||||3513,0
73547|Piedras|73|Tolima|2943,0|449,0||||2494,0
73555|Planadas|73|Tolima|8958,0|0,0||||8958,0
73563|Prado|73|Tolima|4070,0|272,0||||3798,0
73585|Purificación|73|Tolima|9556,0|0,0||||9556,0
73616|Rioblanco|73|Tolima|8606,0|1337,0||||7269,0
73622|Roncesvalles|73|Tolima|2245,0|491,0||||1754,0
73624|Rovira|73|Tolima|7989,0|0,0||||7989,0
73671|Saldaña|73|Tolima|5349,0|0,0||||5349,0
73675|San Antonio|73|Tolima|5588,0|187,0||||5401,0
73678|San Luis|73|Tolima|5971,0|0,0||||5971,0
73686|Santa Isabel|73|Tolima|2252,0|31,0||||2221,0
73770|Suárez|73|Tolima|1760,0|137,0||||1623,0
73854|Valle de San Juan|73|Tolima|2904,0|1112,0||||1792,0
73861|Venadillo|73|Tolima|5425,0|127,0||||5298,0
73870|Villahermosa|73|Tolima|4235,0|1202,0||||3033,0
73873|Villarrica|73|Tolima|2655,0|412,0||||2243,0
76001|Santiago de Cali|76|Valle del Cauca|802969,0|63991,0||||738978,0
76020|Alcalá|76|Valle del Cauca|6037,0|1257,0||||4780,0
76036|Andalucía|76|Valle del Cauca|8954,0|1778,0||||7176,0
76041|Ansermanuevo|76|Valle del Cauca|7454,0|1691,0||||5763,0
76054|Argelia|76|Valle del Cauca|2229,0|424,0||||1805,0
76100|Bolívar|76|Valle del Cauca|6725,0|900,0||||5825,0
76109|Buenaventura|76|Valle del Cauca|111437,0|14577,0||||96860,0
76111|Guadalajara de Buga|76|Valle del Cauca|44826,0|0,0||||44826,0
76113|Bugalagrande|76|Valle del Cauca|8879,0|773,0||||8106,0
76122|Caicedonia|76|Valle del Cauca|9775,0|324,0||||9451,0
76126|Calima|76|Valle del Cauca|9192,0|750,0||||8442,0
76130|Candelaria|76|Valle del Cauca|28587,0|0,0||||28587,0
76147|Cartago|76|Valle del Cauca|51276,0|2984,0||||48292,0
76233|Dagua|76|Valle del Cauca|25928,0|3047,0||||22881,0
76243|El Águila|76|Valle del Cauca|3774,0|636,0||||3138,0
76246|El Cairo|76|Valle del Cauca|4299,0|1485,0||||2814,0
76248|El Cerrito|76|Valle del Cauca|20532,0|0,0||||20532,0
76250|El Dovio|76|Valle del Cauca|3582,0|404,0||||3178,0
76275|Florida|76|Valle del Cauca|19414,0|85,0||||19329,0
76306|Ginebra|76|Valle del Cauca|8370,0|234,0||||8136,0
76318|Guacarí|76|Valle del Cauca|11619,0|0,0||||11619,0
76364|Jamundí|76|Valle del Cauca|65958,0|0,0||||65958,0
76377|La Cumbre|76|Valle del Cauca|10521,0|1739,0||||8782,0
76400|La Unión|76|Valle del Cauca|12712,0|1366,0||||11346,0
76403|La Victoria|76|Valle del Cauca|5593,0|734,0||||4859,0
76497|Obando|76|Valle del Cauca|5235,0|1136,0||||4099,0
76520|Palmira|76|Valle del Cauca|127486,0|1806,0||||125680,0
76563|Pradera|76|Valle del Cauca|15935,0|1991,0||||13944,0
76606|Restrepo|76|Valle del Cauca|6459,0|247,0||||6212,0
76616|Riofrío|76|Valle del Cauca|6495,0|446,0||||6049,0
76622|Roldanillo|76|Valle del Cauca|14803,0|635,0||||14168,0
76670|San Pedro|76|Valle del Cauca|6030,0|293,0||||5737,0
76736|Sevilla|76|Valle del Cauca|15386,0|1673,0||||13713,0
76823|Toro|76|Valle del Cauca|6068,0|1386,0||||4682,0
76828|Trujillo|76|Valle del Cauca|7152,0|996,0||||6156,0
76834|Tuluá|76|Valle del Cauca|79053,0|11149,0||||67904,0
76845|Ulloa|76|Valle del Cauca|2070,0|193,0||||1877,0
76863|Versalles|76|Valle del Cauca|3865,0|814,0||||3051,0
76869|Vijes|76|Valle del Cauca|5449,0|410,0||||5039,0
76890|Yotoco|76|Valle del Cauca|6275,0|0,0||||6275,0
76892|Yumbo|76|Valle del Cauca|41726,0|0,0||||41726,0
76895|Zarzal|76|Valle del Cauca|15559,0|1819,0||||13740,0
81001|Arauca|81|Arauca|32731,0|1242,0||||31489,0
81065|Arauquita|81|Arauca|19245,0|2811,0||||16434,0
81220|Cravo Norte|81|Arauca|1786,0|503,0||||1283,0
81300|Fortul|81|Arauca|7516,0|0,0||||7516,0
81591|Puerto Rondón|81|Arauca|2115,0|366,0||||1749,0
81736|Saravena|81|Arauca|24655,0|5950,0||||18705,0
81794|Tame|81|Arauca|18577,0|0,0||||18577,0
85001|Yopal|85|Casanare|70054,0|0,0||||70054,0
85010|Aguazul|85|Casanare|16880,0|3205,0||||13675,0
85015|Chámeza|85|Casanare|1231,0|473,0||||758,0
85125|Hato Corozal|85|Casanare|4728,0|296,0||||4432,0
85136|La Salina|85|Casanare|629,0|279,0||||350,0
85139|Maní|85|Casanare|5989,0|585,0||||5404,0
85162|Monterrey|85|Casanare|8481,0|1809,0||||6672,0
85225|Nunchía|85|Casanare|3226,0|748,0||||2478,0
85230|Orocué|85|Casanare|4251,0|1026,0||||3225,0
85250|Paz de Ariporo|85|Casanare|14150,0|1404,0||||12746,0
85263|Pore|85|Casanare|4323,0|617,0||||3706,0
85279|Recetor|85|Casanare|927,0|500,0||||427,0
85300|Sabanalarga|85|Casanare|1908,0|586,0||||1322,0
85315|Sácama|85|Casanare|875,0|243,0||||632,0
85325|San Luis de Palenque|85|Casanare|3101,0|743,0||||2358,0
85400|Támara|85|Casanare|3485,0|1981,0||||1504,0
85410|Tauramena|85|Casanare|9577,0|1284,0||||8293,0
85430|Trinidad|85|Casanare|4770,0|938,0||||3832,0
85440|Villanueva|85|Casanare|12921,0|0,0||||12921,0
86001|Mocoa|86|Putumayo|21779,0|1467,0||||20312,0
86219|Colón|86|Putumayo|2251,0|321,0||||1930,0
86320|Orito|86|Putumayo|19568,0|6404,0||||13164,0
86568|Puerto Asís|86|Putumayo|26409,0|6898,0||||19511,0
86569|Puerto Caicedo|86|Putumayo|6202,0|1973,0||||4229,0
86571|Puerto Guzmán|86|Putumayo|13857,0|7173,0||||6684,0
86573|Puerto Leguízamo|86|Putumayo|9759,0|2343,0||||7416,0
86749|Sibundoy|86|Putumayo|6060,0|415,0||||5645,0
86755|San Francisco|86|Putumayo|2300,0|264,0||||2036,0
86757|San Miguel|86|Putumayo|7215,0|1629,0||||5586,0
86760|Santiago|86|Putumayo|3237,0|740,0||||2497,0
86865|Valle del Guamuez|86|Putumayo|14769,0|4120,0||||10649,0
86885|Villagarzón|86|Putumayo|8428,0|0,0||||8428,0
88001|San Andrés|88|San Andrés|21575,0|0,0||||21575,0
88564|Providencia|88|San Andrés|2800,0|0,0||||2800,0
91001|Leticia|91|Amazonas|13927,0|760,0||||13167,0
91263|El Encanto|91|Amazonas|797,0|795,0||||2,0
91405|La Chorrera|91|Amazonas|919,0|874,0||||45,0
91407|La Pedrera|91|Amazonas|922,0|880,0||||42,0
91430|La Victoria|91|Amazonas|185,0|156,0||||29,0
91460|Mirití - Paraná|91|Amazonas|375,0|370,0||||5,0
91530|Puerto Alegría|91|Amazonas|483,0|482,0||||1,0
91536|Puerto Arica|91|Amazonas|360,0|356,0||||4,0
91540|Puerto Nariño|91|Amazonas|2308,0|764,0||||1544,0
91669|Puerto Santander|91|Amazonas|484,0|472,0||||12,0
91798|Tarapacá|91|Amazonas|996,0|970,0||||26,0
94001|Inírida|94|Guainía|10302,0|999,0||||9303,0
94343|Barrancominas|94|Guainía|1081,0|217,0||||864,0
94663|Mapiripana|94|Guainía|563,0|528,0||||35,0
94883|San Felipe|94|Guainía|315,0|236,0||||79,0
94884|Puerto Colombia|94|Guainía|371,0|231,0||||140,0
94885|La Guadalupe|94|Guainía|54,0|0,0||||54,0
94886|Cacahual|94|Guainía|163,0|126,0||||37,0
94887|Pana Pana|94|Guainía|395,0|226,0||||169,0
94888|Morichal|94|Guainía|179,0|129,0||||50,0
95001|San José del Guaviare|95|Guaviare|21378,0|610,0||||20768,0
95015|Calamar|95|Guaviare|3876,0|1787,0||||2089,0
95025|El Retorno|95|Guaviare|4946,0|839,0||||4107,0
95200|Miraflores|95|Guaviare|3068,0|1208,0||||1860,0
97001|Mitú|97|Vaupés|7323,0|0,0||||7323,0
97161|Carurú|97|Vaupés|954,0|319,0||||635,0
97511|Pacoa|97|Vaupés|909,0|909,0||||0,0
97666|Taraira|97|Vaupés|540,0|166,0||||374,0
97777|Papunahua|97|Vaupés|217,0|160,0||||57,0
97889|Yavaraté|97|Vaupés|186,0|186,0||||0,0
99001|Puerto Carreño|99|Vichada|7861,0|263,0||||7598,0
99524|La Primavera|99|Vichada|3804,0|0,0||||3804,0
99624|Santa Rosalía|99|Vichada|1429,0|459,0||||970,0
99773|Cumaribo|99|Vichada|20297,0|16811,0||||3486,0
